id,last_name,first_name,email,password,organization,street_address1,street_address2,city,region,postal_code,country,phone,fax,timestamp,email_opt_in,notes,source,category_id,customer_id_link,created,referral_id,status
2,Staff,Sheetster,john@netalytix.com,sogo,Netalytix Corporation,123 Testa Street,#910,San Francisco,CA,94122,USA,415-759-5292,,2007-08-22 13:56:35,1,,,0,0,2005-06-29 00:00:59,,1
3,Emanuel,Zehnder,emanuel@extentech.com,th3b3st,Netalytix Corporation,123 Testa Street,#910,San Francisco,CA,94122,USA,415-759-5292,,2007-04-03 11:02:00,1,,,0,0,2005-06-30 13:43:12,,1
4,Joe,Wilson,joe@gmail.com,test,Netalytix Corporation,123 Testa Street,#910,San Francisco,CA,94122,USA,415-759-5292,,2007-09-03 12:01:00,1,,,0,0,2005-11-28 13:49:03,,1
5,Tests,Junit,tests@extentech.com,t3st3m3,Netalytix Corporation,123 Testa Street,#22,South Chester,WY,12345,USA,415-759-5292,,2007-01-03 12:05:00,1,,,0,0,2006-02-13 11:47:44,,0
6,Doe,John,don@test.com,limlim,Netalytix Corporation,123 Testa Street,#21,South Chester,WY,12345,USA,415-759-5292,,2007-02-01 12:05:00,1,Extentech Consultant,,0,0,2006-02-13 11:55:13,,0
7,Rab,Nick,nrab@extentech.com,test,Netalytix Corporation,123 Testa Street,#56,South Chester,WY,12345,USA,415-759-5292,,2007-08-22 13:54:45,1,,,0,0,2006-03-08 10:27:53,,0
8,Mix,theGood,shared@thegoodmix.com,g00dm1x,theGoodMix LLC.,123 Testa Street,#6534,South Chester,WY,12345,USA,415-759-5292,,2007-05-01 12:05:00,1,,,0,0,2006-03-09 11:08:02,,0
9,demo,user,demo@extentech.com,d3m0,Extentech Inc.,1032 Irving Street,#910,San Francisco,CA,94122,USA,415-759-5292,,2007-05-03 12:05:00,1,,,0,0,2006-03-15 16:06:16,,0
1,Shared,Extentech,extentech@extentech.com,3xt3nt3ch,Extentech Inc.,1032 Irving Street,#910,San Francisco,CA,94122,USA,415-759-5292,,2007-05-05 02:05:00,1,,,0,0,0000-00-00 00:00:00,,0